{
  "camera_angle_x": 1.1640990991197153,
  "camera_angle_y": 0.7083999984925127,
  "fl_x": 1458.7411,
  "fl_y": 1460.2667,
  "k1": 0.0,
  "k2": 0.0,
  "p1": 0.0,
  "p2": 0.0,
  "cx": 941.4839,
  "cy": 501.81952,
  "w": 1920,
  "h": 1080,
  "frames": [
    {
      "file_path": "./images/image_1",
      "transform_matrix": [
        [
          0.3136265,
          -0.2433056,
          0.91784716,
          -0.80358386
        ],
        [
          0.031092,
          0.968729,
          0.24616906,
          0.2319583
        ],
        [
          -0.949039,
          -0.0486669,
          0.31138268,
          -0.43328118
        ],
        [
          0.0,
          0.0,
          0.0,
          1.0
        ]
      ]
    },
    {
      "file_path": "./images/image_2",
      "transform_matrix": [
        [
          -0.02643758,
          -0.22967803,
          0.972909,
          -0.8132217
        ],
        [
          0.064182,
          0.9708507,
          0.23093641,
          0.23679233
        ],
        [
          -0.9975898,
          0.06854893,
          -0.01092684,
          -0.35643315
        ],
        [
          0.0,
          0.0,
          0.0,
          1.0
        ]
      ]
    },
    {
      "file_path": "./images/image_3",
      "transform_matrix": [
        [
          -0.2542192,
          -0.18903784,
          0.94849443,
          -0.7358302
        ],
        [
          0.04053417,
          0.9777695,
          0.2057365,
          0.24706703
        ],
        [
          -0.96629906,
          0.09074838,
          -0.24090487,
          -0.1223883
        ],
        [
          0.0,
          0.0,
          0.0,
          1.0
        ]
      ]
    },
    {
      "file_path": "./images/image_4",
      "transform_matrix": [
        [
          -0.4016456,
          -0.14239223,
          0.9046602,
          -0.4851721
        ],
        [
          0.0837366,
          0.9779918,
          0.19111194,
          0.23183715
        ],
        [
          -0.9119606,
          0.15251139,
          -0.38088313,
          0.03457636
        ],
        [
          0.0,
          0.0,
          0.0,
          1.0
        ]
      ]
    },
    {
      "file_path": "./images/image_5",
      "transform_matrix": [
        [
          0.09320852,
          0.01249817,
          0.9955698,
          -0.5342602
        ],
        [
          0.09709316,
          0.9950421,
          -0.02158156,
          0.29135758
        ],
        [
          -0.9909013,
          0.09867434,
          0.09153274,
          -0.11992678
        ],
        [
          0.0,
          0.0,
          0.0,
          1.0
        ]
      ]
    },
    {
      "file_path": "./images/image_6",
      "transform_matrix": [
        [
          0.00292188,
          0.17487228,
          0.9845894,
          -0.5116371
        ],
        [
          0.07072264,
          0.982091,
          -0.17463866,
          0.32722372
        ],
        [
          -0.9974943,
          0.07014278,
          -0.00949925,
          -0.11592934
        ],
        [
          0.0,
          0.0,
          0.0,
          1.0
        ]
      ]
    },
    {
      "file_path": "./images/image_7",
      "transform_matrix": [
        [
          -0.3019188,
          0.23108906,
          0.9249035,
          -0.4607416
        ],
        [
          0.11061573,
          0.9721159,
          -0.20677705,
          0.33357355
        ],
        [
          -0.94689655,
          0.0398792,
          -0.31906313,
          0.02134585
        ],
        [
          0.0,
          0.0,
          0.0,
          1.0
        ]
      ]
    },
    {
      "file_path": "./images/image_8",
      "transform_matrix": [
        [
          -0.7163188,
          0.24777946,
          0.6522997,
          -0.55097795
        ],
        [
          0.14233243,
          0.96705985,
          -0.21104118,
          0.34509617
        ],
        [
          -0.6831034,
          -0.05832978,
          -0.72799027,
          0.06917155
        ],
        [
          0.0,
          0.0,
          0.0,
          1.0
        ]
      ]
    },
    {
      "file_path": "./images/image_9",
      "transform_matrix": [
        [
          0.24548794,
          -0.3557431,
          0.90176713,
          -0.8003459
        ],
        [
          0.01287749,
          0.93134767,
          0.36390603,
          0.2446192
        ],
        [
          -0.96931475,
          -0.07772164,
          0.2332147,
          -0.21788919
        ],
        [
          0.0,
          0.0,
          0.0,
          1.0
        ]
      ]
    },
    {
      "file_path": "./images/image_10",
      "transform_matrix": [
        [
          0.47385144,
          -0.16520348,
          0.86497056,
          -0.8171336
        ],
        [
          0.06279914,
          0.98608476,
          0.15393157,
          0.28576323
        ],
        [
          -0.8783644,
          -0.01862123,
          0.477631,
          -0.28950244
        ],
        [
          0.0,
          0.0,
          0.0,
          1.0
        ]
      ]
    },
    {
      "file_path": "./images/image_11",
      "transform_matrix": [
        [
          0.34304905,
          0.14423114,
          0.9281802,
          -0.74932206
        ],
        [
          0.04837585,
          0.98411745,
          -0.17080364,
          0.34023696
        ],
        [
          -0.93807334,
          0.10349541,
          0.33062238,
          -0.23779184
        ],
        [
          0.0,
          0.0,
          0.0,
          1.0
        ]
      ]
    },
    {
      "file_path": "./images/image_12",
      "transform_matrix": [
        [
          -0.16888869,
          0.1254074,
          0.9776268,
          -0.7461996
        ],
        [
          0.08280483,
          0.99017274,
          -0.11271188,
          0.33968288
        ],
        [
          -0.98215294,
          0.06191657,
          -0.17761299,
          -0.14418119
        ],
        [
          0.0,
          0.0,
          0.0,
          1.0
        ]
      ]
    },
    {
      "file_path": "./images/image_13",
      "transform_matrix": [
        [
          -0.25979817,
          0.26701558,
          0.92801464,
          -0.6398668
        ],
        [
          0.08127691,
          0.9636481,
          -0.25451526,
          0.36004928
        ],
        [
          -0.9622382,
          0.00930381,
          -0.27205667,
          -0.02666354
        ],
        [
          0.0,
          0.0,
          0.0,
          1.0
        ]
      ]
    },
    {
      "file_path": "./images/image_14",
      "transform_matrix": [
        [
          -0.39094788,
          -0.587134,
          0.7088282,
          -0.49210864
        ],
        [
          0.00713059,
          0.7681627,
          0.64021677,
          0.1516562
        ],
        [
          -0.9203875,
          0.25534523,
          -0.29612425,
          -0.03650624
        ],
        [
          0.0,
          0.0,
          0.0,
          1.0
        ]
      ]
    },
    {
      "file_path": "./images/image_15",
      "transform_matrix": [
        [
          0.00517941,
          -0.5127616,
          0.85851735,
          -0.47263798
        ],
        [
          0.0641658,
          0.8569292,
          0.5114271,
          0.19805828
        ],
        [
          -0.99792695,
          0.05243903,
          0.03733972,
          -0.1494869
        ],
        [
          0.0,
          0.0,
          0.0,
          1.0
        ]
      ]
    },
    {
      "file_path": "./images/image_16",
      "transform_matrix": [
        [
          0.1523222,
          -0.30305743,
          0.94072133,
          -0.4323753
        ],
        [
          0.04115846,
          0.9529468,
          0.30033183,
          0.25795496
        ],
        [
          -0.98747486,
          -0.0070281,
          0.157628,
          -0.1890248
        ],
        [
          0.0,
          0.0,
          0.0,
          1.0
        ]
      ]
    },
    {
      "file_path": "./images/image_17",
      "transform_matrix": [
        [
          -0.0523116,
          -0.15251136,
          0.9869189,
          -0.46705604
        ],
        [
          0.03640233,
          0.98732233,
          0.15450332,
          0.29928476
        ],
        [
          -0.99796826,
          0.0440079,
          -0.04609674,
          -0.34208545
        ],
        [
          0.0,
          0.0,
          0.0,
          1.0
        ]
      ]
    },
    {
      "file_path": "./images/image_18",
      "transform_matrix": [
        [
          0.05008343,
          0.07633087,
          0.99582434,
          -0.44872165
        ],
        [
          0.00441732,
          0.9970496,
          -0.07664743,
          0.34627426
        ],
        [
          -0.99873656,
          0.00823742,
          0.04959762,
          -0.4113536
        ],
        [
          0.0,
          0.0,
          0.0,
          1.0
        ]
      ]
    }
  ]
}